{"update_id":960162041,
"callback_query":{"id":"4496012406664442253","from":{"id":1046809462,"is_bot":false,"first_name":"Jeremie","last_name":"Kitenge","language_code":"fr"},"message":{"message_id":1428,"from":{"id":324633622,"is_bot":true,"first_name":"Scout Bot\ud83c\udf42","username":"Scoutbot"},"chat":{"id":1046809462,"first_name":"Jeremie","last_name":"Kitenge","type":"private"},"date":1592067738,"edit_date":1592067791,"text":"Vuoi visualizzare la promessa AGESCI  o CNGEI?","entities":[{"offset":30,"length":7,"type":"bold"},{"offset":40,"length":5,"type":"bold"}],"reply_markup":{"inline_keyboard":[[{"text":"\u27b0AGESCI","callback_data":"promessaagesci"},{"text":"\u27b0CNGEI","callback_data":"promessacngei"}],[{"text":"\ud83c\udfe0 Men\u00f9","callback_data":"Indietro"}]]}},"chat_instance":"2390886326908278866","data":"promessacngei"}}