{"update_id":388489102,
"message":{"message_id":193780,"from":{"id":1176550509,"is_bot":false,"first_name":"Angelo","username":"Saltonelvuoto"},"chat":{"id":-1001279408190,"title":"SAMUELE CURR\u00d2 IS THE BEST cit","username":"samucurro","type":"supergroup"},"date":1593432196,"reply_to_message":{"message_id":193772,"from":{"id":1033569459,"is_bot":false,"first_name":"\ud835\udc6d\ud835\udc82\ud835\udc83\ud835\udc8a\ud835\udc82\ud835\udc8f\ud835\udc82","language_code":"it"},"chat":{"id":-1001279408190,"title":"SAMUELE CURR\u00d2 IS THE BEST cit","username":"samucurro","type":"supergroup"},"date":1593431795,"photo":[{"file_id":"AgACAgQAAx0CTEI4PgABAvTsXvnW8zJdY7KTv-BmCtrLA9iUSxcAAtq0MRuCMdFT4hxabqbHU5UxTmUjXQADAQADAgADbQADOEcCAAEaBA","file_unique_id":"AQADMU5lI10AAzhHAgAB","file_size":25681,"width":320,"height":243},{"file_id":"AgACAgQAAx0CTEI4PgABAvTsXvnW8zJdY7KTv-BmCtrLA9iUSxcAAtq0MRuCMdFT4hxabqbHU5UxTmUjXQADAQADAgADeAADNkcCAAEaBA","file_unique_id":"AQADMU5lI10AAzZHAgAB","file_size":33947,"width":430,"height":326}]},"text":"Schifo\ud83d\ude02"}}