{"update_id":139982941,
"callback_query":{"id":"642130565479715947","from":{"id":149507672,"is_bot":false,"first_name":"nessuno","username":"Sdegno2","language_code":"it"},"message":{"message_id":133,"from":{"id":692003562,"is_bot":true,"first_name":"ITIS Pisa Bot","username":"ITISPisaBot"},"chat":{"id":149507672,"first_name":"nessuno","username":"Sdegno2","type":"private"},"date":1591958574,"text":"I.I.S. 'Da Vinci-Fascetti'\n\n\ud83d\udccdVia Contessa Matilde, 74, 56123, Pisa (PI)\n\u260e\ufe0fCentralino: 050888420\n\ud83d\udce0Fax: 050888488\n\ud83d\udce7Email Istituzionale: piis00800a@istruzione.it\n\u2709PEC (Posta Elettronica Certificata): piis00800a@pec.istruzione.it\n\ud83c\udff7Codice meccanografico: PIIS00800A","entities":[{"offset":0,"length":26,"type":"bold"},{"offset":30,"length":42,"type":"italic"},{"offset":75,"length":11,"type":"italic"},{"offset":99,"length":4,"type":"italic"},{"offset":116,"length":20,"type":"italic"},{"offset":137,"length":24,"type":"email"},{"offset":163,"length":36,"type":"italic"},{"offset":200,"length":28,"type":"email"},{"offset":231,"length":22,"type":"italic"},{"offset":254,"length":10,"type":"bold"}],"reply_markup":{"inline_keyboard":[[{"text":"\ud83d\udcdaIndirizzi","callback_data":"indirizzi"},{"text":"\ud83d\uddffStoria","callback_data":"storia"},{"text":"\ud83d\udc65Contatti","callback_data":"contatti"}],[{"text":"\ud83d\udcd8RE Argo","url":"http://t.me/ArgoFamigliaBot"},{"text":"\ud83d\udd17Sito Web","url":"http://www.davincifascetti.it/"}]]}},"chat_instance":"2133103111890164278","data":"contatti"}}