{"update_id":533495018,
"callback_query":{"id":"4114440169180395562","from":{"id":957967752,"is_bot":false,"first_name":"Giovanni","language_code":"it"},"message":{"message_id":3276,"from":{"id":250675375,"is_bot":true,"first_name":"Guida | Bot","username":"guidabot"},"chat":{"id":957967752,"first_name":"Giovanni","type":"private"},"date":1590776847,"edit_date":1590776852,"text":"\u2139Inserisci il nome completo dell'applicazione desiderata, seguito dal numero della versione","entities":[{"offset":1,"length":90,"type":"italic"}],"reply_markup":{"inline_keyboard":[[{"text":"Annulla\u21a9","callback_data":"Indietro"}]]}},"chat_instance":"-715676496073371173","data":"Indietro"}}