{"update_id":737491312,
"message":{"message_id":869,"from":{"id":158042764,"is_bot":false,"first_name":"Gioele","last_name":"Al\u00ec","username":"gioeleali","language_code":"it"},"chat":{"id":158042764,"first_name":"Gioele","last_name":"Al\u00ec","username":"gioeleali","type":"private"},"date":1572764615,"reply_to_message":{"message_id":864,"from":{"id":328690614,"is_bot":true,"first_name":"Gioie24 Bot","username":"Gioie24Bot"},"chat":{"id":158042764,"first_name":"Gioele","last_name":"Al\u00ec","username":"gioeleali","type":"private"},"date":1572753821,"forward_from":{"id":178339739,"is_bot":false,"first_name":"Kappa","username":"Krastill","language_code":"it"},"forward_date":1572753821,"text":"@gioeleali trovato, ma non posso aggiungerti per privacy","entities":[{"offset":0,"length":10,"type":"mention"}]},"text":"cambiato*"}}